BERTNAME,train_spearman,test_spearman, train_pearson, test_pearson, train_MSE, test_MSE, time,train_spearman_step, test_spearman_step, train_pearson_step, test_pearson_step, train_MSE_step, test_MSE_step
grid-cosent-1/fine-tuned-biobert-0-MARGIN=0.0-lr=5e-06-wd=0.0-wsf=1,0.05488633165528,0.0793751166523376,0.231936243948818,0.2749408667229195,0.0386198433054197,0.0346423518612712,33.37029719352722,3.0,3.0,3.0,3.0,3.0,3.0
grid-cosent-1/fine-tuned-biobert-0-MARGIN=0.0-lr=1e-06-wd=0-wsf=1,0.05488633165528,0.0793751166523376,0.231936243948818,0.2749408667229195,0.0386198433054197,0.0346423518612712,284.86747002601624,10.0,10.0,10.0,10.0,10.0,10.0
grid-cosent-1/fine-tuned-biobert-1-MARGIN=0.0-lr=1e-06-wd=0.005-wsf=1,0.05488633165528,0.0793751166523376,0.231936243948818,0.2749408667229195,0.0386198433054197,0.0346423518612712,288.9762272834778,10.0,10.0,10.0,10.0,10.0,10.0
grid-cosent-1/fine-tuned-biobert-2-MARGIN=0.0-lr=5e-06-wd=0-wsf=1,0.05488633165528,0.0793751166523376,0.231936243948818,0.2749408667229195,0.0386198433054197,0.0346423518612712,297.3156840801239,10.0,10.0,10.0,10.0,10.0,10.0
grid-cosent-1/fine-tuned-biobert-3-MARGIN=0.0-lr=5e-06-wd=0.005-wsf=1,0.05488633165528,0.0793751166523376,0.231936243948818,0.2749408667229195,0.0386198433054197,0.0346423518612712,297.4578273296356,10.0,10.0,10.0,10.0,10.0,10.0
