epoch,steps,MSE_cosine,MSE_euclidean,MSE_manhattan,MSE_dot
0,-1,0.038619843305419704,290.38829737515186,141385.3450002216,1363.6810113952442
1,-1,0.038619843305419704,290.38829737515186,141385.3450002216,1363.6810113952442
2,-1,0.038619843305419704,290.38829737515186,141385.3450002216,1363.6810113952442
3,-1,0.038619843305419704,290.38829737515186,141385.3450002216,1363.6810113952442
4,-1,0.038619843305419704,290.38829737515186,141385.3450002216,1363.6810113952442
