epoch,steps,MSE_cosine,MSE_euclidean,MSE_manhattan,MSE_dot
0,-1,0.03464235186127126,292.60846747468946,142140.86564338018,1238.1046565671645
1,-1,0.03464235186127126,292.60846747468946,142140.86564338018,1238.1046565671645
2,-1,0.03464235186127126,292.60846747468946,142140.86564338018,1238.1046565671645
3,-1,0.03464235186127126,292.60846747468946,142140.86564338018,1238.1046565671645
4,-1,0.03464235186127126,292.60846747468946,142140.86564338018,1238.1046565671645
