epoch,steps,cosine_pearson,cosine_spearman,euclidean_pearson,euclidean_spearman,manhattan_pearson,manhattan_spearman,dot_pearson,dot_spearman
0,-1,0.2749408667229195,0.0793751166523376,0.2291719215856974,0.04745894563213488,0.2297590094268555,0.04409281166808373,0.28300013415348546,0.08678801373241622
1,-1,0.2749408667229195,0.0793751166523376,0.2291719215856974,0.04745894563213488,0.2297590094268555,0.04409281166808373,0.28300013415348546,0.08678801373241622
2,-1,0.2749408667229195,0.0793751166523376,0.2291719215856974,0.04745894563213488,0.2297590094268555,0.04409281166808373,0.28300013415348546,0.08678801373241622
3,-1,0.2749408667229195,0.0793751166523376,0.2291719215856974,0.04745894563213488,0.2297590094268555,0.04409281166808373,0.28300013415348546,0.08678801373241622
4,-1,0.2749408667229195,0.0793751166523376,0.2291719215856974,0.04745894563213488,0.2297590094268555,0.04409281166808373,0.28300013415348546,0.08678801373241622
