metric,value,step
cosine_pearson,0.2803992627274888,0.0
cosine_spearman,0.0604266515805876,0.0
MSE_cosine,0.0378808355931902,0.0
