metric,value,step
cosine_pearson,0.2669015959511778,0.0
cosine_spearman,0.099156135306005,0.0
MSE_cosine,0.0348597982533238,0.0
