epoch,steps,MSE_cosine,MSE_euclidean,MSE_manhattan,MSE_dot
0,0,0.0378808355931902,290.06723711662505,141025.00834372564,1364.425821711975
