epoch,steps,MSE_cosine,MSE_euclidean,MSE_manhattan,MSE_dot
0,0,0.0386198433054197,290.38829737515186,141385.3450002216,1363.6810113952442
