epoch,steps,MSE_cosine,MSE_euclidean,MSE_manhattan,MSE_dot
0,0,0.03485979825332384,293.60947480532974,142670.7207612426,1259.124712646281
