epoch,steps,MSE_cosine,MSE_euclidean,MSE_manhattan,MSE_dot
0,0,0.0346423518612712,292.60846747468946,142140.86564338018,1238.1046565671645
