epoch,steps,cosine_pearson,cosine_spearman,euclidean_pearson,euclidean_spearman,manhattan_pearson,manhattan_spearman,dot_pearson,dot_spearman
0,0,0.28039926272748883,0.06042665158058768,0.2522813509648518,0.024300609329388028,0.2514735946386316,0.02414486326892657,0.2806611211601122,0.07010609858875551
0,0,0.28039926272748883,0.06042665158058768,0.2522813509648518,0.024300609329388028,0.2514735946386316,0.02414486326892657,0.2806611211601122,0.07010609858875551
