epoch,steps,cosine_pearson,cosine_spearman,euclidean_pearson,euclidean_spearman,manhattan_pearson,manhattan_spearman,dot_pearson,dot_spearman
0,0,0.2669015959511778,0.099156135306005,0.2257834232830027,0.0714304412420893,0.225338777618558,0.0736442977647426,0.2737581753119317,0.1040387204954664
