epoch,steps,cosine_pearson,cosine_spearman,euclidean_pearson,euclidean_spearman,manhattan_pearson,manhattan_spearman,dot_pearson,dot_spearman
0,0,0.26690159595117785,0.09915613530600503,0.22578342328300272,0.0714304412420893,0.22533877761855808,0.07364429776474267,0.2737581753119317,0.10403872049546649
