epoch,steps,cosine_pearson,cosine_spearman,euclidean_pearson,euclidean_spearman,manhattan_pearson,manhattan_spearman,dot_pearson,dot_spearman
0,0,0.2803992627274888,0.0604266515805876,0.2522813509648518,0.024300609329388,0.2514735946386316,0.0241448632689265,0.2806611211601122,0.0701060985887555
0,0,0.2803992627274888,0.0604266515805876,0.2522813509648518,0.024300609329388,0.2514735946386316,0.0241448632689265,0.2806611211601122,0.0701060985887555
