epoch,steps,MSE_cosine,MSE_euclidean,MSE_manhattan,MSE_dot
0,10033,0.03451126388933105,313.2203035305952,152336.44358226328,1512.2429412226682
0,20066,0.03297130921317328,345.3748149106739,168172.14038565214,1891.779512659885
