epoch,steps,MSE_cosine,MSE_euclidean,MSE_manhattan,MSE_dot
0,10033,0.03451126388933105,313.2203035305952,152336.44358226328,1512.2429412226682
0,20066,0.03297130921317328,345.3748149106739,168172.14038565214,1891.779512659885
0,30099,0.03490866888431955,364.5908478139424,177585.68932913922,2345.2664443066938
0,40132,0.03634429137049899,380.02982563031446,185107.45307181668,2710.669162617472
0,50165,0.040064589813372624,393.2271554668024,191612.88608974064,3255.9414225949795
0,-1,0.04006857429221728,393.33118848156346,191663.87405777807,3257.7332367317244
1,10033,0.03942371368549044,411.6464613453195,200662.28710022673,3458.980347847399
1,20066,0.04189458256500851,413.9444675797062,201717.31918151723,3697.681084813415
1,30099,0.04612747307024475,420.77857571953524,205035.5214283704,4254.305153738032
