epoch,steps,MSE_cosine,MSE_euclidean,MSE_manhattan,MSE_dot
0,10033,0.03621281271017459,313.715855658331,152926.8777641414,1579.347941974204
0,20066,0.03295351405049138,347.324296286204,169286.49812223858,1863.1959308492205
