epoch,steps,MSE_cosine,MSE_euclidean,MSE_manhattan,MSE_dot
0,10033,0.03621281271017459,313.715855658331,152926.8777641414,1579.347941974204
0,20066,0.03295351405049138,347.324296286204,169286.49812223858,1863.1959308492205
0,30099,0.03363987532577633,367.61498107183456,179144.2160275765,2222.3179429908478
0,40132,0.03367817542318969,384.0881779297194,187140.93974809302,2461.5390765395146
0,50165,0.035241226057467295,399.96659093873706,194880.42298501043,2800.9646798555764
0,-1,0.03524046470437218,400.0774423768185,194935.31174152184,2802.0828849175186
1,10033,0.035047044056609945,418.0979409036392,203758.14860955978,3015.4636634510357
1,20066,0.03811288771013444,420.25924195796756,204800.32845474523,3294.5628225832666
1,30099,0.04194098131593639,428.20102399590644,208679.93230494027,3789.190492112886
