epoch,steps,cosine_pearson,cosine_spearman,euclidean_pearson,euclidean_spearman,manhattan_pearson,manhattan_spearman,dot_pearson,dot_spearman
0,10033,0.3527363700592707,0.1319582565504755,0.3226253122916878,0.09252701571855027,0.320098203060452,0.0902976197145337,0.3589911749375534,0.13841794977518254
0,20066,0.45193007623286946,0.21205636480464907,0.4343851449417464,0.18623791052939995,0.43046979301864485,0.1832094827316395,0.4541315812854245,0.21217402853432876
