epoch,steps,cosine_pearson,cosine_spearman,euclidean_pearson,euclidean_spearman,manhattan_pearson,manhattan_spearman,dot_pearson,dot_spearman
0,10033,0.31019881962063706,0.11999411066402947,0.3053207302875712,0.09301141121131959,0.30968921742667543,0.0975845513400753,0.30888187444227455,0.12427018277564973
0,20066,0.4025358162240712,0.2031223579775661,0.4075240298639079,0.21086485432591962,0.4082557142233397,0.218069193726036,0.39837804846565883,0.19901124480917642
0,30099,0.4479734755665494,0.2473094746590548,0.45223356228526757,0.26482721066060966,0.45148084342518835,0.2693216577353126,0.44342940670134856,0.23989325351386273
0,40132,0.47561700051909994,0.29677332115694327,0.48292027948159755,0.31537581463883185,0.48042702899663137,0.31999729954346956,0.46938051667254715,0.28820220737536634
0,50165,0.4800600440075692,0.32755359296361597,0.49292246335269635,0.34995202454257124,0.4896026037540797,0.35223583289289323,0.4745595734001654,0.3195014325280375
0,-1,0.4799583695824844,0.32759713113056654,0.4928452019769455,0.35010328291628345,0.48952598961415655,0.35226824497279674,0.47446913144177155,0.31955601276627527
1,10033,0.48935324418670145,0.3703861355521913,0.5013467479616056,0.3854631518762904,0.4986351884312691,0.38593708062033694,0.48352428945799775,0.3620434246147411
1,20066,0.4817389468346121,0.4009217174595886,0.49580112505116075,0.4114649211685675,0.49312825571696084,0.4124166696988953,0.4758423758647672,0.3933770482199223
1,30099,0.47366848758303076,0.4159685679689679,0.49494147286846035,0.4255921351712377,0.49311487078574856,0.42588062128586873,0.46813802711352526,0.407539050748273
