epoch,steps,cosine_pearson,cosine_spearman,euclidean_pearson,euclidean_spearman,manhattan_pearson,manhattan_spearman,dot_pearson,dot_spearman
0,10033,0.3527363700592707,0.1319582565504755,0.3226253122916878,0.09252701571855027,0.320098203060452,0.0902976197145337,0.3589911749375534,0.13841794977518254
0,20066,0.45193007623286946,0.21205636480464907,0.4343851449417464,0.18623791052939995,0.43046979301864485,0.1832094827316395,0.4541315812854245,0.21217402853432876
0,30099,0.493145675979479,0.24907404816771753,0.47838096325689045,0.23489904300293993,0.47651597368240817,0.232335249596038,0.49370368793848607,0.24814801096782182
0,40132,0.5151349723624417,0.2753464809981632,0.5037491436901824,0.2693099263575354,0.5018405054541222,0.2644407908331298,0.513666605550501,0.2728785015474697
0,50165,0.5270488928870976,0.2962101395899242,0.5199013036376552,0.28944077580286,0.5180525090111406,0.28301205984205463,0.5251352227963829,0.29389976049697963
0,-1,0.5270378809838776,0.2964284995781095,0.5199295480780816,0.289660907121313,0.518094896910683,0.28319465697236085,0.5251408692015124,0.29403881892975703
1,10033,0.525759878252172,0.28660810647034207,0.5248477932075505,0.29105133533184335,0.5244371963026477,0.2865445007024587,0.5236244482888657,0.2845742650569849
1,20066,0.5260165805298562,0.3016106133416112,0.5262659710674349,0.29900962800359726,0.5258637616159851,0.2945521684548606,0.5245944582661736,0.30005620798436816
1,30099,0.5202929175717733,0.3041320629483514,0.526229253638526,0.305964549144093,0.5259482395268131,0.3015258536871751,0.5193090395440948,0.30308715822569804
