epoch,steps,cosine_pearson,cosine_spearman,euclidean_pearson,euclidean_spearman,manhattan_pearson,manhattan_spearman,dot_pearson,dot_spearman
0,10033,0.31019881962063706,0.11999411066402947,0.3053207302875712,0.09301141121131959,0.30968921742667543,0.0975845513400753,0.30888187444227455,0.12427018277564973
0,20066,0.4025358162240712,0.2031223579775661,0.4075240298639079,0.21086485432591962,0.4082557142233397,0.218069193726036,0.39837804846565883,0.19901124480917642
