epoch,steps,MSE_cosine,MSE_euclidean,MSE_manhattan,MSE_dot
0,508,0.05814237190676151,267.68954821384324,130015.7847734238,2007.85465119276
0,1016,0.4365915197098682,134.6083558528634,65266.20304129155,20072.98989689567
