epoch,steps,MSE_cosine,MSE_euclidean,MSE_manhattan,MSE_dot
0,508,0.06210040401168945,265.8707674105843,129419.98837973842,2123.3343955786013
0,1016,0.43386119981506266,135.07382038343775,65517.96648596658,19611.963022536263
