epoch,steps,cosine_pearson,cosine_spearman,euclidean_pearson,euclidean_spearman,manhattan_pearson,manhattan_spearman,dot_pearson,dot_spearman
0,508,0.2559151633942124,0.054683283104090985,0.21503454221424054,0.038198707200103585,0.2161573170812698,0.03530659922921337,0.26396865627470456,0.0615929782799216
0,1016,0.14591988607353965,-0.015745348744952255,0.1521693856727947,-0.003603492219921084,0.15506168736210665,-0.004452241630083674,0.11461304196912764,-0.03079701162466817
