epoch,steps,cosine_pearson,cosine_spearman,euclidean_pearson,euclidean_spearman,manhattan_pearson,manhattan_spearman,dot_pearson,dot_spearman
0,508,0.21576130017788667,0.031590831852666,0.19616869212907023,-0.003948104602855838,0.19967672647278864,-0.005627981704722961,0.21787720477181022,0.0465908015680801
0,1016,0.1305804371977822,-0.062200299806277774,0.14197693545597193,-0.07379303420113267,0.1443874732416461,-0.07766537458018676,0.11795761104912424,-0.03483316205352486
